{"cameraMode":{"drawMode":0,"name":"Shaded","section":"Shading Mode"},"sceneLighting":true,"audioPlay":false,"sceneViewState":{"showFog":true,"showMaterialUpdate":false,"showSkybox":true,"showFlares":true,"showImageEffects":true,"showParticleSystems":true,"showVisualEffectGraphs":true,"m_FxEnabled":true},"in2DMode":false,"pivot":{"x":-0.7000000476837158,"y":0.8500000238418579,"z":136.6999969482422},"rotation":{"x":0.020063482224941255,"y":0.9789646863937378,"z":-0.16391484439373017,"w":0.11982696503400803},"size":4.766025543212891,"orthographic":false}